Date,Gold_High (kg),Gold_Low (kg),Gold_Close (kg),Gold_High (troy oz),Gold_Low (troy oz),Gold_Close (troy oz),Silver_High (kg),Silver_Low (kg),Silver_Close (kg),Silver_High (troy oz),Silver_Low (troy oz),Silver_Close (troy oz),Palladium_High (kg),Palladium_Low (kg),Palladium_Close (kg),Palladium_High (troy oz),Palladium_Low (troy oz),Palladium_Close (troy oz),Platinum_High (kg),Platinum_Low (kg),Platinum_Close (kg),Platinum_High (troy oz),Platinum_Low (troy oz),Platinum_Close (troy oz)
19-Dec-2023,66569.33,65003.59,66006.29,2070.54,2021.84,2053.03,790.95,764.32,777.95,24.6,23.77,24.2,40129.2,37622.96,38800.16,1248.16,1170.2,1206.82,31637.14,30287.61,31362.25,984.03,942.05,975.48
19-Nov-2023,68908.78,63199.69,65192.23,2143.3,1965.73,2027.71,832.01,723.87,765.66,25.88,22.51,23.81,39120.22,29733.01,38090.47,1216.77,924.8,1184.75,31121.12,28631.77,30567.32,967.98,890.55,950.75
20-Oct-2023,64602.99,61987.52,63686.13,2009.38,1928.03,1980.86,776.26,703.55,762.67,24.14,21.88,23.72,37196.24,30577.77,33956.98,1156.93,951.07,1056.18,30364.77,27105.49,29031.32,944.45,843.07,902.97
20-Sep-2023,63699.47,58219.94,63568.78,1981.27,1810.84,1977.21,764.23,665.2,741.56,23.77,20.69,23.07,41641.65,35323.62,35886.66,1295.2,1098.69,1116.2,30438.72,27511.63,28782.96,946.75,855.71,895.25
21-Aug-2023,62784.86,60600.7,62098.93,1952.83,1884.89,1931.49,804.11,717.09,746.06,25.01,22.3,23.21,41684.89,38150.32,40651.4,1296.55,1186.61,1264.4,31790.34,28723.96,30334.23,988.79,893.42,943.5
22-Jul-2023,63726.8,60608.98,60760.41,1982.13,1885.15,1889.86,808.35,714.79,733.05,25.14,22.23,22.8,43112.09,38703.55,40535.66,1340.94,1203.81,1260.8,31466.42,28463.86,29451.69,978.72,885.33,916.05
22-Jun-2023,63898.97,60862.81,63073.33,1987.48,1893.05,1961.8,812.37,711.02,791.23,25.27,22.12,24.61,43607.67,38514.83,41699.52,1356.35,1197.95,1297.0,32004.46,28630.24,30999.75,995.45,890.5,964.2
23-May-2023,63827.27,61721.48,62177.45,1985.25,1919.75,1933.93,788.38,723.54,730.3,24.52,22.5,22.71,48008.7,41919.99,43443.7,1493.24,1303.86,1351.25,34506.59,30405.93,30483.09,1073.27,945.73,948.13
23-Apr-2023,66818.17,62759.95,63333.03,2078.28,1952.05,1969.88,840.32,750.14,758.7,26.14,23.33,23.6,52327.27,45596.51,47842.56,1627.56,1418.21,1488.07,36282.44,33345.31,34376.06,1128.51,1037.16,1069.21
24-Mar-2023,65854.05,62506.03,63760.8,2048.29,1944.15,1983.18,838.69,734.07,806.72,26.09,22.83,25.09,52968.03,44829.07,51535.07,1647.49,1394.34,1602.92,36472.29,30729.36,36257.36,1134.42,955.79,1127.73
22-Feb-2023,64600.41,58041.42,64025.4,2009.3,1805.29,1991.41,746.61,639.97,740.99,23.22,19.91,23.05,49473.57,43442.65,46023.79,1538.8,1351.22,1431.5,32359.81,29110.25,31778.12,1006.5,905.43,988.41
23-Jan-2023,63004.13,58483.25,59017.6,1959.65,1819.03,1835.65,791.63,680.93,702.88,24.62,21.18,21.86,56429.22,46257.05,49108.34,1755.14,1438.76,1527.44,34134.45,29255.57,30472.16,1061.7,909.95,947.79
24-Dec-2022,62287.33,57784.3,61965.9,1937.35,1797.29,1927.35,789.07,743.52,772.11,24.54,23.13,24.02,59314.11,53791.74,55938.28,1844.88,1673.11,1739.87,35537.18,32329.42,33642.54,1105.33,1005.56,1046.4
24-Nov-2022,58657.51,55935.31,57808.89,1824.45,1739.78,1798.06,781.28,671.08,763.64,24.3,20.87,23.75,64175.3,53102.75,56387.02,1996.07,1651.68,1753.83,33960.83,31250.69,32946.8,1056.3,972.01,1024.76
25-Oct-2022,57434.82,51980.12,56339.92,1786.42,1616.76,1752.37,715.25,604.16,693.93,22.25,18.79,21.58,68001.24,57009.86,60739.27,2115.07,1773.2,1889.2,34086.06,29196.49,32235.95,1060.19,908.11,1002.65
25-Sep-2022,55599.33,51921.04,53107.09,1729.33,1614.92,1651.82,682.89,577.76,620.6,21.24,17.97,19.3,75578.37,63015.78,63789.97,2350.75,1960.01,1984.09,30568.93,26968.93,29899.39,950.8,838.83,929.97
26-Aug-2022,56548.1,52737.03,52861.29,1758.84,1640.3,1644.17,643.42,564.79,606.51,20.01,17.57,18.86,73179.76,62913.55,66643.92,2276.14,1956.83,2072.86,30189.39,26424.62,27606.88,938.99,821.9,858.67
27-Jul-2022,58122.68,55031.55,56471.98,1807.82,1711.67,1756.47,670.91,593.35,617.2,20.87,18.46,19.2,73857.98,63134.74,69097.74,2297.24,1963.71,2149.18,31420.04,27908.21,28457.11,977.27,868.04,885.12
27-Jun-2022,59185.18,54052.24,55237.15,1840.86,1681.21,1718.07,692.5,583.48,600.47,21.54,18.15,18.68,70395.27,58796.64,64996.19,2189.54,1828.78,2021.61,30223.63,26695.09,28239.93,940.06,830.31,878.36
28-May-2022,60416.08,58037.4,58876.7,1879.15,1805.16,1831.27,723.87,662.98,680.06,22.51,20.62,21.15,67381.62,57492.69,60593.87,2095.8,1788.22,1884.68,33300.06,29204.77,29345.59,1035.75,908.37,912.75
28-Apr-2022,61724.45,57470.5,59604.59,1919.85,1787.53,1853.91,757.54,657.89,711.16,23.56,20.46,22.12,74895.16,60113.86,66372.0,2329.5,1869.75,2064.4,32331.76,29289.81,30837.07,1005.63,911.01,959.14
29-Mar-2022,64246.68,60492.03,60627.15,1998.3,1881.51,1885.72,842.94,747.5,750.12,26.22,23.25,23.33,81982.47,65510.52,71117.61,2549.94,2037.6,2212.0,32971.07,29210.4,29601.03,1025.51,908.55,920.69
27-Feb-2022,66545.86,60745.62,61864.79,2069.81,1889.4,1924.21,865.84,774.93,801.97,26.93,24.1,24.94,110727.33,69591.82,72315.55,3444.0,2164.55,2249.27,38053.22,31597.51,31775.39,1183.59,982.79,988.33
28-Jan-2022,63464.13,57241.27,60745.62,1973.96,1780.4,1889.4,823.43,707.63,780.35,25.61,22.01,24.27,87246.03,56288.72,76023.98,2713.65,1750.77,2364.61,36332.43,31960.9,34067.25,1130.06,994.1,1059.61
29-Dec-2021,59602.66,57322.69,57782.69,1853.85,1782.93,1797.24,794.03,705.99,731.29,24.7,21.96,22.75,56288.72,56288.72,56288.72,1750.77,1750.77,1750.77,34249.95,29848.75,33015.92,1065.29,928.4,1026.91
29-Nov-2021,58520.87,56395.46,58087.08,1820.2,1754.09,1806.71,753.7,689.02,739.88,23.44,21.43,23.01,56288.72,56288.72,56288.72,1750.77,1750.77,1750.77,31902.14,28884.87,31437.07,992.27,898.42,977.8
30-Oct-2021,60349.2,56578.24,57725.38,1877.07,1759.78,1795.46,816.77,736.96,749.96,25.4,22.92,23.33,70477.49,56288.72,56288.72,2192.09,1750.77,1750.77,35550.05,30568.29,31590.36,1105.73,950.78,982.57
30-Sep-2021,58314.38,55374.36,57338.61,1813.78,1722.34,1783.43,797.97,690.43,768.16,24.82,21.47,23.89,68884.0,60312.3,64243.05,2142.53,1875.92,1998.18,34687.28,30414.93,32850.99,1078.9,946.01,1021.78
31-Aug-2021,58962.06,55359.57,55585.43,1833.93,1721.88,1728.9,799.56,688.71,693.37,24.87,21.42,21.57,79977.28,61106.58,61106.58,2487.57,1900.63,1900.63,33184.71,29109.29,30795.59,1032.16,905.4,957.85
01-Aug-2021,58891.65,54265.64,58209.73,1831.74,1687.85,1810.52,836.06,714.49,772.69,26.0,22.22,24.03,86289.75,74339.17,77946.16,2683.91,2312.21,2424.4,34443.74,30998.14,32395.41,1071.32,964.15,1007.61
02-Jul-2021,58954.82,57046.68,58329.65,1833.7,1774.35,1814.25,860.74,787.63,819.46,26.77,24.5,25.49,91686.4,83614.65,85379.4,2851.77,2600.71,2655.6,36888.16,33419.9,33802.81,1147.35,1039.48,1051.38
02-Jun-2021,61395.71,56301.74,57090.24,1909.62,1751.18,1775.7,909.37,821.05,836.11,28.28,25.54,26.01,91888.47,80134.98,88992.82,2858.05,2492.48,2767.99,38561.44,33052.41,34959.6,1199.39,1028.04,1087.37
03-May-2021,61621.09,56826.93,61052.18,1916.63,1767.52,1898.94,924.32,829.73,895.42,28.75,25.81,27.85,96295.04,88292.41,91775.46,2995.11,2746.2,2854.54,41168.23,37395.18,38487.66,1280.48,1163.12,1197.1
03-Apr-2021,57802.7,55341.88,56879.65,1797.86,1721.32,1769.15,856.53,791.34,831.68,26.64,24.61,25.87,95257.06,84396.39,95257.06,2962.83,2625.02,2962.83,40481.17,37173.34,38694.23,1259.11,1156.22,1203.53
04-Mar-2021,56441.76,53915.03,55785.89,1755.53,1676.94,1735.14,856.29,764.87,802.08,26.63,23.79,24.95,85831.28,74177.93,85831.28,2669.65,2307.19,2669.65,39782.53,35724.62,39008.02,1237.38,1111.16,1213.29
02-Feb-2021,59933.17,54732.63,54995.3,1864.13,1702.38,1710.55,928.87,830.71,836.13,28.89,25.84,26.01,78324.09,72319.62,76318.53,2436.15,2249.39,2373.77,43085.22,34683.1,37444.05,1340.1,1078.76,1164.64
03-Jan-2021,62984.28,58211.82,59720.17,1959.03,1810.59,1857.5,964.36,778.27,917.1,29.99,24.21,28.52,79173.67,72322.36,72322.36,2462.58,2249.48,2249.48,37172.37,32477.08,36156.73,1156.19,1010.15,1124.6
04-Dec-2020,61300.7,58513.23,61034.98,1906.66,1819.96,1898.4,880.66,756.54,848.44,27.39,23.53,26.39,78916.14,73418.21,78916.14,2454.57,2283.56,2454.57,34863.95,30092.62,34387.8,1084.39,935.99,1069.58
04-Nov-2020,63193.74,56746.87,59153.52,1965.55,1765.02,1839.88,836.09,704.07,772.84,26.01,21.9,24.04,80190.92,71847.49,77495.4,2494.22,2234.71,2410.38,33359.61,27331.03,33094.53,1037.6,850.09,1029.35
05-Oct-2020,62163.47,59804.57,61548.42,1933.5,1860.13,1914.37,821.73,726.88,784.46,25.56,22.61,24.4,78770.18,71252.86,71847.49,2450.03,2216.21,2234.71,29592.03,27037.97,28240.57,920.42,840.97,878.38
05-Sep-2020,63446.77,59448.02,61186.25,1973.42,1849.04,1903.11,888.23,696.59,768.52,27.63,21.67,23.9,76925.05,71342.4,74510.37,2392.64,2219.0,2317.53,31614.79,26634.48,28490.38,983.33,828.42,886.15
06-Aug-2020,66715.85,59957.61,62167.49,2075.09,1864.89,1933.63,959.55,754.06,865.56,29.85,23.45,26.92,74022.81,68652.51,74022.81,2302.37,2135.33,2302.37,32486.88,28469.49,29163.94,1010.45,885.5,907.1
07-Jul-2020,66073.96,57035.26,65477.41,2055.13,1773.99,2036.58,872.02,578.47,864.65,27.12,17.99,26.89,74089.84,61792.68,68769.87,2304.45,1921.97,2138.98,31659.64,26238.87,31120.96,984.72,816.12,967.97
07-Jun-2020,57524.28,53947.83,57418.02,1789.21,1677.97,1785.9,592.99,545.25,588.68,18.44,16.96,18.31,64211.54,59581.36,61792.68,1997.2,1853.19,1921.97,27277.98,25363.88,26593.49,848.44,788.9,827.15
08-May-2020,56746.39,53725.51,54184.78,1765.01,1671.05,1685.34,591.14,489.37,559.87,18.39,15.22,17.41,66410.0,58465.73,62544.69,2065.58,1818.49,1945.36,27792.55,24143.6,26389.17,864.44,750.95,820.79
08-Apr-2020,56177.96,52839.59,55114.58,1747.33,1643.49,1714.26,509.53,467.75,490.51,15.85,14.55,15.26,71988.95,58266.39,58465.73,2239.11,1812.29,1818.49,25665.46,22918.5,24690.17,798.29,712.85,767.95
09-Mar-2020,54741.23,46692.69,53004.04,1702.64,1452.31,1648.61,563.19,374.24,481.39,17.52,11.64,14.97,80980.86,51644.96,69967.32,2518.79,1606.34,2176.23,28982.85,18379.26,23801.68,901.47,571.66,740.32
08-Feb-2020,54725.88,50222.52,54661.65,1702.17,1562.09,1700.17,609.16,527.3,562.58,18.95,16.4,17.5,90689.73,75025.91,80940.83,2820.77,2333.57,2517.54,32754.86,27317.36,28907.62,1018.79,849.66,899.13
09-Jan-2020,51237.36,49390.14,50475.06,1593.66,1536.21,1569.95,590.27,559.13,569.11,18.36,17.39,17.7,80722.37,66046.38,75249.36,2510.75,2054.27,2340.52,33492.72,30486.46,31126.1,1041.74,948.23,968.13
10-Dec-2019,51797.1,46946.52,50089.9,1611.07,1460.2,1557.97,606.25,533.18,582.86,18.86,16.58,18.13,66046.38,59526.22,66046.38,2054.27,1851.47,2054.27,32013.3,28758.2,30739.81,995.72,894.48,956.11
10-Nov-2019,47713.8,46482.91,46979.64,1484.07,1445.78,1461.23,556.24,531.44,533.82,17.3,16.53,16.6,60390.43,54487.56,60390.43,1878.35,1694.75,1878.35,29810.82,27844.31,28773.31,927.22,866.05,894.95
11-Oct-2019,48802.42,46827.72,46907.94,1517.92,1456.5,1459.0,589.42,537.09,540.0,18.33,16.71,16.8,58380.85,54105.29,57915.31,1815.85,1682.86,1801.37,30730.01,28170.48,28530.57,955.81,876.2,887.4
11-Sep-2019,49376.31,46915.66,48036.75,1535.77,1459.24,1494.11,602.5,543.37,563.2,18.74,16.9,17.52,54463.45,49662.54,54105.29,1694.0,1544.68,1682.86,31012.29,27993.66,28915.74,964.59,870.7,899.38
12-Aug-2019,50062.09,47594.12,47811.86,1557.11,1480.34,1487.12,631.76,531.97,579.37,19.65,16.55,18.02,50191.1,45903.16,49662.54,1561.12,1427.75,1544.68,32082.59,26823.21,29977.52,997.88,834.3,932.41
13-Jul-2019,48546.34,45022.62,48267.67,1509.96,1400.36,1501.29,554.34,487.72,546.91,17.24,15.17,17.01,50326.46,45283.94,45903.16,1565.33,1408.49,1427.75,28534.59,26711.8,27749.39,887.52,830.83,863.1
13-Jun-2019,46255.76,42840.63,45515.33,1438.71,1332.49,1415.69,500.13,474.04,489.41,15.56,14.74,15.22,51366.53,44920.64,50143.68,1597.68,1397.19,1559.64,27302.9,25440.16,26776.11,849.22,791.28,832.83
14-May-2019,43349.09,40823.25,42878.65,1348.31,1269.75,1333.68,487.16,459.81,475.22,15.15,14.3,14.78,44920.64,42282.83,44920.64,1397.19,1315.14,1397.19,27849.62,25374.41,26099.57,866.22,789.23,811.79
14-Apr-2019,41852.4,40720.69,41851.67,1301.76,1266.56,1301.73,485.44,468.39,475.5,15.1,14.57,14.79,46921.7,42182.36,43165.85,1459.43,1312.02,1342.61,29354.36,27152.27,27620.95,913.02,844.53,859.11
15-Mar-2019,42583.5,41187.44,41492.95,1324.49,1281.07,1290.58,502.75,479.19,481.5,15.64,14.9,14.98,51933.35,43817.87,44157.06,1615.31,1362.89,1373.44,29436.66,26475.98,28647.76,915.58,823.5,891.04
13-Feb-2019,43299.1,41203.91,41673.07,1346.75,1281.58,1296.18,530.36,481.76,488.31,16.5,14.98,15.19,50100.11,44741.24,49879.24,1558.29,1391.61,1551.42,28200.3,25083.77,26498.48,877.13,780.19,824.19
14-Jan-2019,42641.45,41052.32,42127.85,1326.3,1276.87,1310.32,520.44,488.24,505.08,16.19,15.19,15.71,45430.39,42296.5,44741.24,1413.04,1315.57,1391.61,26778.36,25222.58,25481.88,832.9,784.51,792.58
15-Dec-2018,41737.78,39735.11,41415.63,1298.19,1235.9,1288.17,510.23,467.76,501.64,15.87,14.55,15.6,42899.64,40033.09,42771.04,1334.33,1245.17,1330.33,26723.54,25178.54,26081.65,831.2,783.14,811.23
15-Nov-2018,40216.97,38847.99,39827.22,1250.89,1208.31,1238.77,476.03,452.01,468.52,14.81,14.06,14.57,40756.48,35771.99,40414.07,1267.67,1112.63,1257.02,27510.99,25032.41,25313.81,855.69,778.59,787.35
16-Oct-2018,39972.7,38467.81,38935.68,1243.29,1196.48,1211.04,479.49,446.89,454.67,14.91,13.9,14.14,36762.4,34510.4,35771.99,1143.44,1073.39,1112.63,28218.07,26298.19,26880.44,877.68,817.97,836.08
16-Sep-2018,39651.52,37978.55,39446.39,1233.3,1181.26,1226.92,479.39,451.72,472.63,14.91,14.05,14.7,34962.12,31456.24,34510.4,1087.44,978.4,1073.39,27353.05,25474.64,27104.37,850.77,792.35,843.04
17-Aug-2018,39040.81,37681.88,38386.06,1214.3,1172.04,1193.94,482.23,448.33,451.98,15.0,13.94,14.06,31664.9,27359.76,31664.9,984.89,850.98,984.89,26129.23,24667.42,25570.53,812.71,767.24,795.33
18-Jul-2018,39712.44,37318.42,37786.37,1235.19,1160.73,1175.29,503.7,461.19,471.57,15.67,14.34,14.67,30119.1,27359.76,27359.76,936.81,850.98,850.98,27202.18,24314.24,25090.36,846.08,756.26,780.4
18-Jun-2018,41283.17,39427.43,39456.76,1284.05,1226.33,1227.24,534.59,500.32,500.76,16.63,15.56,15.58,32503.39,32503.39,32503.39,1010.97,1010.97,1010.97,28675.49,25672.37,26252.13,891.91,798.5,816.53
19-May-2018,42094.17,41009.72,41188.4,1309.28,1275.54,1281.1,556.68,523.25,532.99,17.31,16.27,16.58,32860.27,31254.82,32503.39,1022.07,972.13,1010.97,29413.35,28228.44,28569.88,914.86,878.0,888.62
19-Apr-2018,43551.48,41335.41,41580.56,1354.6,1285.67,1293.3,557.95,516.31,528.8,17.35,16.06,16.45,33516.3,30651.03,31575.04,1042.47,953.35,982.09,30675.27,28363.47,28525.59,954.11,882.2,887.25
20-Mar-2018,43888.5,42030.83,43426.17,1365.08,1307.3,1350.7,555.05,518.54,553.12,17.26,16.13,17.2,32663.18,29187.53,32663.18,1015.94,907.83,1015.94,30971.38,29173.67,30329.33,963.32,907.4,943.35
18-Feb-2018,43442.57,41892.58,42348.16,1351.21,1303.0,1317.18,542.1,520.45,525.07,16.86,16.19,16.33,34213.01,31332.46,31986.73,1064.14,974.55,994.9,32605.52,30267.52,30673.9,1014.15,941.43,954.06
19-Jan-2018,43917.04,42032.12,43315.9,1365.97,1307.35,1347.28,569.02,520.93,535.86,17.7,16.2,16.67,35891.27,35891.27,35891.27,1116.34,1116.34,1116.34,33052.98,30798.57,32328.78,1028.06,957.94,1005.54
20-Dec-2017,43220.33,40558.65,42694.74,1344.3,1261.52,1327.95,560.04,517.74,545.84,17.42,16.1,16.98,36274.35,32915.73,35891.27,1128.26,1023.79,1116.34,32415.11,29248.26,32209.74,1008.22,909.72,1001.83
20-Nov-2017,41764.62,39765.73,40571.99,1299.02,1236.85,1261.93,555.39,502.65,518.85,17.27,15.63,16.14,31067.54,31067.54,31067.54,966.31,966.31,966.31,30769.87,28107.63,29386.75,957.05,874.25,914.03
21-Oct-2017,41677.66,40664.43,41587.79,1296.32,1264.81,1293.52,557.81,534.54,555.25,17.35,16.63,17.27,31067.54,31067.54,31067.54,966.31,966.31,966.31,30692.63,29336.91,30517.49,954.65,912.48,949.2
21-Sep-2017,42223.25,40544.66,41169.67,1313.29,1261.08,1280.52,561.43,525.5,547.72,17.46,16.34,17.04,32104.72,29375.77,31067.54,998.57,913.69,966.31,30463.4,29092.65,29736.63,947.52,904.88,924.91
22-Aug-2017,43622.7,41162.04,41759.16,1356.82,1280.28,1298.86,585.43,541.17,550.57,18.21,16.83,17.12,28976.78,28976.78,28976.78,901.28,901.28,901.28,32874.78,30082.25,30237.13,1022.52,935.66,940.48
23-Jul-2017,41818.23,40002.36,41528.64,1300.69,1244.21,1291.69,556.31,518.9,547.51,17.3,16.14,17.03,29869.29,27210.26,28976.78,929.04,846.33,901.28,31860.26,29528.93,31577.18,990.96,918.45,982.16
23-Jun-2017,40470.23,38757.24,40347.42,1258.76,1205.48,1254.95,543.39,482.99,531.17,16.9,15.02,16.52,28557.54,28557.54,28557.54,888.24,888.24,888.24,30193.97,28655.16,30063.6,939.14,891.28,935.08
24-May-2017,41655.95,39917.56,40235.37,1295.64,1241.57,1251.46,570.49,526.29,534.09,17.74,16.37,16.61,28996.07,24733.21,28557.54,901.88,769.29,888.24,31117.58,29523.31,29802.3,967.86,918.28,926.96
24-Apr-2017,41096.53,39057.37,40222.51,1278.24,1214.82,1251.06,578.89,516.9,548.71,18.01,16.08,17.07,25801.26,25801.26,25801.26,802.51,802.51,802.51,31298.75,28763.91,30349.02,973.5,894.66,943.96
25-Mar-2017,41650.97,39864.03,40968.25,1295.49,1239.91,1274.26,599.79,567.43,574.45,18.66,17.65,17.87,26077.27,24951.52,25801.26,811.09,776.08,802.51,31826.83,30150.81,31220.87,989.93,937.8,971.08
23-Feb-2017,40632.03,38423.44,39973.26,1263.8,1195.1,1243.31,594.32,541.28,571.29,18.49,16.84,17.77,25808.33,22660.3,25808.33,802.73,704.81,802.73,33643.18,29997.77,31066.06,1046.42,933.03,966.26
24-Jan-2017,40017.71,37969.39,39770.23,1244.69,1180.98,1236.99,583.32,535.07,579.28,18.14,16.64,18.02,25461.75,23242.22,25197.63,791.95,722.91,783.73,33106.59,30967.76,32263.43,1029.73,963.21,1003.5
25-Dec-2016,39230.18,36387.81,39143.13,1220.19,1131.79,1217.49,557.28,505.2,553.31,17.33,15.71,17.21,25461.75,21163.52,25461.75,791.95,658.26,791.95,31983.88,28692.93,31582.48,994.81,892.45,982.32
25-Nov-2016,38506.79,36110.59,37654.47,1197.7,1123.16,1171.18,554.17,502.88,506.67,17.24,15.64,15.76,24845.42,21158.54,21163.52,772.78,658.1,658.26,30653.65,28566.5,28692.93,953.44,888.52,892.45
26-Oct-2016,42984.58,37984.58,38139.95,1336.97,1181.45,1186.29,610.88,520.13,526.16,19.0,16.18,16.37,23933.46,19811.9,23614.85,744.41,616.22,734.5,32823.18,29364.56,29506.19,1020.92,913.34,917.75
26-Sep-2016,43151.93,39919.73,40976.45,1342.18,1241.64,1274.51,634.83,550.27,570.8,19.75,17.12,17.75,23178.08,20193.37,20511.66,720.92,628.08,637.98,35965.43,32753.57,31300.76,1118.65,1018.75,973.56
27-Aug-2016,43489.19,41883.98,43033.05,1352.67,1302.74,1338.48,647.22,591.44,633.66,20.13,18.4,19.71,22594.23,21074.94,22301.33,702.76,655.5,693.65,38484.44,34457.56,36471.0,1197.0,1071.75,1134.37
28-Jul-2016,43960.68,42380.39,42477.57,1367.33,1318.18,1321.2,668.03,594.44,599.91,20.78,18.49,18.66,23250.74,22106.66,22360.01,723.18,687.59,695.47,37536.0,31546.31,36786.08,1167.5,981.2,1144.17
28-Jun-2016,44214.11,41979.07,43075.41,1375.21,1305.7,1339.8,679.28,563.76,652.4,21.13,17.53,20.29,22172.41,17801.2,22172.41,689.64,553.68,689.64,32986.67,30658.95,32507.3,1026.0,953.6,1011.09
29-May-2016,43668.35,38580.01,42589.93,1358.24,1199.97,1324.69,589.09,508.84,570.64,18.32,15.83,17.75,18027.86,17259.3,17801.2,560.73,536.82,553.68,35462.27,31729.57,33595.92,1103.0,986.9,1044.95
29-Apr-2016,41915.89,38808.2,38999.98,1303.73,1207.07,1213.03,579.03,518.86,521.87,18.01,16.14,16.23,20172.47,17202.39,17512.97,627.43,535.05,544.71,34658.5,30318.15,34241.99,1078.0,943.0,1065.04
30-Mar-2016,40836.75,38877.65,40693.28,1270.16,1209.23,1265.7,568.94,475.68,565.84,17.7,14.8,17.6,19684.27,17376.81,19684.27,612.25,540.48,612.25,32700.52,29848.75,31360.96,1017.1,928.4,975.43
29-Feb-2016,41240.97,38858.92,39840.8,1282.74,1208.65,1239.19,519.0,470.02,493.77,16.14,14.62,15.36,19373.53,15581.03,18340.05,602.58,484.62,570.44,31330.9,27360.29,29688.8,974.5,851.0,923.42
30-Jan-2016,40558.57,35874.61,39270.13,1261.51,1115.83,1221.44,512.7,456.7,473.84,15.95,14.2,14.74,16890.21,15581.03,15581.03,525.34,484.62,484.62,29171.66,26190.0,27680.83,907.34,814.6,860.97
31-Dec-2015,36268.53,34043.94,35951.61,1128.08,1058.88,1118.22,468.58,442.27,458.67,14.57,13.76,14.27,17971.92,14984.32,15947.39,558.99,466.06,496.02,29112.5,26804.08,28225.3,905.5,833.7,877.9
01-Dec-2015,35007.82,33645.6,34143.45,1088.86,1046.5,1061.98,470.81,439.0,446.26,14.64,13.65,13.88,18191.35,17044.53,17971.92,565.81,530.14,558.99,32086.45,26804.08,28752.41,998.0,833.7,894.3
01-Nov-2015,36747.02,33855.94,34219.0,1142.96,1053.04,1064.33,500.44,447.59,452.88,15.57,13.92,14.09,21724.23,17400.6,17541.26,675.7,541.22,545.59,33264.77,29272.93,31268.85,1034.65,910.49,972.57
02-Oct-2015,38288.97,35537.94,36717.92,1190.92,1105.35,1142.05,526.09,463.65,500.19,16.36,14.42,15.56,22871.04,21135.71,21724.23,711.37,657.39,675.7,33083.12,28750.48,32120.2,1029.0,894.24,999.05
02-Sep-2015,37177.64,35350.39,35810.9,1156.35,1099.52,1113.84,495.85,459.74,467.8,15.42,14.3,14.55,21327.97,18463.66,21135.71,663.37,574.28,657.39,33790.43,30334.23,32062.33,1051.0,943.5,997.25
03-Aug-2015,37601.18,34761.23,36618.82,1169.53,1081.2,1138.97,503.59,450.04,469.41,15.66,14.0,14.6,20076.18,17292.09,19155.71,624.44,537.84,595.81,35325.63,31170.15,32665.0,1098.75,969.5,1016.0
04-Jul-2015,37777.37,34648.3,35153.47,1175.01,1077.68,1093.4,509.44,462.49,474.07,15.85,14.39,14.75,22336.86,19554.06,19940.83,694.75,608.2,620.23,36457.34,34073.36,35265.35,1133.95,1059.8,1096.87
04-Jun-2015,38762.47,37219.47,37571.68,1205.65,1157.65,1168.61,531.94,498.5,504.81,16.55,15.51,15.7,24713.12,21496.44,22336.86,768.66,668.61,694.75,38227.24,35197.67,36712.46,1189.0,1094.77,1141.89
05-May-2015,39619.2,37907.58,38122.59,1232.29,1179.06,1185.75,571.47,519.5,530.96,17.77,16.16,16.51,25678.12,24713.12,24713.12,798.68,768.66,768.66,38307.61,36089.21,37198.41,1191.5,1122.5,1157.0
05-Apr-2015,39361.68,37633.9,38212.53,1224.29,1170.55,1188.54,556.85,502.25,529.4,17.32,15.62,16.47,25209.52,24107.56,24939.94,784.1,749.83,775.72,37880.01,35015.38,37163.85,1178.2,1089.1,1155.92
06-Mar-2015,39205.34,36753.53,38665.13,1219.42,1143.16,1202.62,559.39,491.81,539.3,17.4,15.3,16.77,26713.7,23605.04,24107.56,830.89,734.2,749.83,40823.41,37134.11,38978.76,1269.75,1155.0,1212.37
04-Feb-2015,40961.74,38285.75,38590.14,1274.05,1190.82,1200.29,567.43,517.19,521.84,17.65,16.09,16.23,26713.7,24800.25,26713.7,830.89,771.37,830.89,41837.45,38748.08,40292.76,1301.29,1205.2,1253.24
05-Jan-2015,42008.89,38050.41,40562.99,1306.62,1183.5,1261.65,594.29,506.05,556.0,18.48,15.74,17.29,26048.01,24294.35,25400.66,810.18,755.64,790.05,40710.88,37793.2,39252.04,1266.25,1175.5,1220.87
06-Dec-2014,39809.05,37589.05,38050.41,1238.2,1169.15,1183.5,556.8,499.69,506.51,17.32,15.54,15.75,26322.42,25204.86,25561.09,818.72,783.96,795.04,40317.04,38035.94,39256.06,1254.0,1183.05,1221.0
06-Nov-2014,39259.28,36751.52,38333.34,1221.1,1143.1,1192.3,539.01,465.08,523.83,16.77,14.47,16.29,26022.78,24219.77,25711.4,809.4,753.32,799.71,41860.27,38518.2,38653.24,1302.0,1198.05,1202.25
07-Oct-2014,40351.12,36592.05,36767.43,1255.06,1138.14,1143.59,572.64,488.14,494.96,17.81,15.18,15.39,25875.69,24066.89,25026.27,804.82,748.56,778.4,45911.91,38789.55,40164.32,1428.02,1206.49,1249.25
07-Sep-2014,40889.48,38045.26,38795.66,1271.8,1183.34,1206.68,621.37,536.31,557.92,19.33,16.68,17.35,28711.38,24066.89,24066.89,893.02,748.56,748.56,48266.95,44895.3,46581.13,1501.27,1396.4,1448.84
08-Aug-2014,42521.02,40426.35,40796.78,1322.55,1257.4,1268.92,648.63,611.15,617.21,20.17,19.01,19.2,29214.06,27539.16,28578.92,908.66,856.56,888.9,49159.13,46554.28,47856.71,1529.02,1448.0,1488.51
09-Jul-2014,43241.95,41175.04,42158.95,1344.97,1280.69,1311.29,693.6,635.12,641.85,21.57,19.75,19.96,28390.03,27278.9,27539.16,883.03,848.47,856.56,49135.02,45901.62,47644.51,1528.27,1427.7,1481.91
09-Jun-2014,42835.56,40201.45,42380.99,1332.33,1250.4,1318.2,684.6,610.7,675.95,21.29,18.99,21.02,27912.59,26189.8,27912.59,868.18,814.59,868.18,48325.79,45647.63,47719.75,1503.1,1419.8,1484.25
10-May-2014,42083.37,39904.98,40323.59,1308.94,1241.18,1254.2,642.45,599.46,612.35,19.98,18.65,19.05,27023.63,25835.82,27023.63,840.53,803.58,840.53,47335.54,44847.08,47204.85,1472.3,1394.9,1468.23
10-Apr-2014,42792.73,40797.57,41436.2,1331.0,1268.95,1288.81,655.34,606.4,616.35,20.38,18.86,19.17,26259.89,25005.85,25859.13,816.77,777.77,804.31,48009.75,44841.93,46009.65,1493.27,1394.74,1431.06
11-Mar-2014,44762.18,41087.25,42156.23,1392.26,1277.96,1311.21,700.16,629.67,640.33,21.78,19.58,19.92,25587.62,24535.65,25005.85,795.86,763.14,777.77,48089.48,44359.99,45791.02,1495.75,1379.75,1424.26
09-Feb-2014,43558.1,40680.15,43099.54,1354.81,1265.29,1340.55,712.98,641.31,670.39,22.18,19.95,20.85,25105.36,22929.56,24977.88,780.86,713.19,776.9,47816.2,44758.18,46767.6,1487.25,1392.14,1454.63
10-Jan-2014,41102.82,39471.17,40743.03,1278.44,1227.69,1267.25,662.45,611.68,644.45,20.6,19.03,20.04,24143.09,22581.04,22929.56,750.93,702.35,713.19,46248.85,42189.82,44633.6,1438.5,1312.25,1388.26
11-Dec-2013,40607.76,38074.12,39514.78,1263.04,1184.24,1229.05,658.58,602.94,630.09,20.48,18.75,19.6,23805.18,22416.43,23773.03,740.42,697.23,739.42,47301.79,43266.87,43905.86,1471.25,1345.75,1365.62
11-Nov-2013,41611.91,38966.3,40553.42,1294.28,1211.99,1261.35,690.45,607.82,655.65,21.48,18.91,20.39,24544.01,22941.61,23736.7,763.4,713.56,738.29,47808.16,43901.52,46449.63,1487.0,1365.49,1444.74
12-Oct-2013,43785.62,40257.56,41395.37,1361.89,1252.15,1287.54,742.43,660.01,689.04,23.09,20.53,21.43,24544.01,22781.99,24544.01,763.4,708.6,763.4,48026.79,44206.96,44729.57,1493.8,1374.99,1391.25
12-Sep-2013,44212.42,40609.45,40941.47,1375.16,1263.1,1273.42,752.91,664.03,686.39,23.42,20.65,21.35,23534.96,22210.03,22846.45,732.02,690.81,710.6,50389.87,47374.13,47443.25,1567.3,1473.5,1475.65
13-Aug-2013,46096.29,42327.42,43893.32,1433.75,1316.53,1365.23,807.76,680.57,744.76,25.12,21.17,23.16,24495.14,22101.03,22478.97,761.88,687.42,699.17,49383.55,44994.65,49383.55,1536.0,1399.49,1536.0
14-Jul-2013,43356.09,40856.53,42868.36,1348.53,1270.78,1333.36,690.6,617.68,685.73,21.48,19.21,21.33,24169.93,23215.86,23979.12,751.77,722.09,745.83,47221.41,42246.08,45505.2,1468.75,1314.0,1415.37
14-Jun-2013,44764.77,37975.02,41363.11,1392.34,1181.16,1286.54,723.02,586.35,641.76,22.49,18.24,19.96,24352.23,20594.61,23215.86,757.44,640.56,722.09,49930.11,46240.49,47052.46,1553.0,1438.24,1463.5
15-May-2013,45988.29,43051.54,44562.74,1430.4,1339.05,1386.06,756.17,651.33,702.28,23.52,20.26,21.84,24638.53,23169.88,24352.23,766.34,720.66,757.44,48426.9,46666.65,47759.77,1506.24,1451.5,1485.49
15-Apr-2013,48087.77,42513.05,45988.29,1495.7,1322.3,1430.4,839.73,710.49,755.5,26.12,22.1,23.5,23464.55,21234.89,23169.88,729.83,660.48,720.66,49379.53,46104.01,48402.79,1535.88,1434.0,1505.5
16-Mar-2013,51980.75,47543.9,47914.03,1616.78,1478.78,1490.29,943.28,831.97,836.46,29.34,25.88,26.02,25092.66,23140.47,23464.55,780.47,719.75,729.83,51364.68,49126.34,49379.53,1597.62,1528.0,1535.88
14-Feb-2013,53038.02,50045.66,51191.48,1649.67,1556.59,1592.23,1000.35,899.28,925.92,31.11,27.97,28.8,25057.93,23189.98,24862.46,779.39,721.29,773.31,55749.23,50918.74,51364.68,1733.99,1583.75,1597.62
15-Jan-2013,54530.89,52775.9,52834.7,1696.1,1641.51,1643.34,1043.91,986.2,990.41,32.47,30.67,30.81,24892.84,22581.04,24892.84,774.25,702.35,774.25,56034.73,52720.79,55580.6,1742.87,1639.8,1728.75
16-Dec-2012,54768.49,52367.15,53646.23,1703.49,1628.8,1668.58,1047.29,940.55,1000.13,32.57,29.25,31.11,22814.62,21566.21,22581.04,709.61,670.78,702.35,52720.79,49238.71,52720.79,1639.8,1531.5,1639.8
16-Nov-2012,56397.52,54191.88,54528.65,1754.16,1685.56,1696.03,1106.44,1031.99,1038.12,34.41,32.1,32.29,22514.01,20245.14,22396.98,700.26,629.69,696.62,52895.86,50444.52,52057.52,1645.25,1569.0,1619.17
17-Oct-2012,56379.1,53789.52,55167.91,1753.59,1673.04,1715.91,1072.37,986.64,1049.5,33.35,30.69,32.64,21010.0,19038.04,20395.92,653.48,592.15,634.38,53815.37,49700.87,51039.31,1673.85,1545.87,1587.5
17-Sep-2012,57746.1,55611.93,56255.9,1796.1,1729.72,1749.75,1137.46,1048.15,1065.44,35.38,32.6,33.14,22441.51,20263.14,20461.99,698.01,630.25,636.44,55656.8,52417.61,53024.46,1731.12,1630.37,1649.25
18-Aug-2012,57158.64,51794.79,57059.16,1777.83,1611.0,1774.74,1123.74,899.88,1117.67,34.95,27.99,34.76,22283.01,18913.13,22283.01,693.08,588.26,693.08,55154.44,46915.82,55154.44,1715.49,1459.25,1715.49
19-Jul-2012,52386.54,50280.65,51952.63,1629.4,1563.9,1615.91,915.31,857.53,903.42,28.47,26.67,28.1,19029.36,18183.15,18913.13,591.88,565.56,588.26,46915.82,44753.68,46915.82,1459.25,1392.0,1459.25
19-Jun-2012,52505.81,49793.16,50608.09,1633.11,1548.74,1574.09,932.35,841.81,874.61,29.0,26.18,27.2,20389.17,18389.24,18750.77,634.17,571.97,583.21,48419.02,45517.42,45798.74,1506.0,1415.75,1424.5
20-May-2012,52746.34,49308.69,52350.38,1640.59,1533.67,1628.28,963.22,873.38,925.81,29.96,27.17,28.8,20567.29,18960.55,20384.19,639.71,589.74,634.02,48419.02,45292.2,48419.02,1506.0,1408.74,1506.0
20-Apr-2012,53745.35,49118.53,51205.63,1671.67,1527.76,1592.67,1027.68,865.05,924.79,31.96,26.91,28.76,22013.75,19138.83,19377.55,684.7,595.28,602.71,51228.2,46204.48,46883.67,1593.38,1437.12,1458.25
21-Mar-2012,54526.34,51862.43,52789.66,1695.96,1613.1,1641.94,1070.92,998.06,1020.6,33.31,31.04,31.74,22637.15,20430.81,21198.72,704.09,635.47,659.35,54053.44,50733.72,51228.2,1681.25,1578.0,1593.38
20-Feb-2012,57565.09,52567.34,53052.48,1790.47,1635.03,1650.12,1205.09,1017.59,1031.69,37.48,31.65,32.09,23239.49,21614.27,22637.15,722.83,672.28,704.09,55684.93,52325.34,54053.44,1731.99,1627.5,1681.25
21-Jan-2012,56678.52,53063.47,55733.18,1762.9,1650.46,1733.5,1110.79,1015.78,1081.4,34.55,31.59,33.64,23028.74,21676.32,22408.88,716.27,674.21,696.99,53611.21,49037.77,52662.76,1667.5,1525.25,1637.99
22-Dec-2011,53675.68,48968.25,53596.3,1669.5,1523.08,1667.03,1036.52,843.61,1036.36,32.24,26.24,32.23,21676.32,19705.81,21676.32,674.21,612.92,674.21,49435.79,44617.2,49037.77,1537.62,1387.75,1525.25
22-Nov-2011,56599.0,50296.87,51854.39,1760.43,1564.41,1612.85,1082.65,904.86,943.42,33.67,28.14,29.34,21798.5,18642.74,20302.36,678.01,579.85,631.47,51135.76,45750.35,46582.41,1590.5,1422.99,1448.87
23-Oct-2011,57963.13,52612.38,53971.33,1802.85,1636.43,1678.7,1146.95,987.0,1013.53,35.67,30.7,31.52,21715.07,19097.84,19287.85,675.41,594.01,599.92,53820.19,48434.94,51135.76,1674.0,1506.5,1590.5
23-Sep-2011,56432.86,49441.0,52788.37,1755.26,1537.79,1641.9,1177.98,841.18,1009.19,36.64,26.16,31.39,22150.22,18200.51,19097.84,688.95,566.1,594.01,56734.01,47751.9,48434.94,1764.62,1485.25,1506.5
24-Aug-2011,61757.25,54797.42,56012.51,1920.87,1704.39,1742.18,1395.63,1144.41,1166.06,43.41,35.6,36.27,25278.01,22150.22,22150.22,786.23,688.95,688.95,61534.44,56734.01,56734.01,1913.94,1764.62,1764.62
25-Jul-2011,61473.48,51586.19,59082.89,1912.04,1604.51,1837.68,1420.44,1192.67,1357.56,44.18,37.1,42.22,27041.79,23151.88,24512.18,841.09,720.1,762.41,61534.44,55459.88,61534.44,1913.94,1725.0,1913.94
25-Jun-2011,52201.91,47584.09,51971.26,1623.66,1480.03,1616.49,1315.1,1074.61,1301.41,40.9,33.42,40.48,25942.88,23437.06,25942.88,806.91,728.97,806.91,57618.0,54262.26,57533.76,1792.12,1687.74,1789.5
26-May-2011,50098.2,48203.95,48289.3,1558.23,1499.31,1501.97,1249.67,1099.85,1103.55,38.87,34.21,34.32,26307.15,23723.36,24084.73,818.24,737.88,749.12,59442.71,55303.3,55303.3,1848.87,1720.12,1720.12
26-Apr-2011,50684.46,47041.73,49077.12,1576.46,1463.16,1526.47,1594.16,1043.05,1218.14,49.58,32.44,37.89,25170.62,22850.63,23723.36,782.89,710.73,737.88,60170.12,56673.57,57051.34,1871.5,1762.75,1774.5
27-Mar-2011,48824.35,45373.1,48443.89,1518.61,1411.26,1506.77,1595.69,1172.81,1493.96,49.63,36.48,46.47,25793.22,23671.44,24672.61,802.26,736.26,767.4,58466.13,56127.01,58353.61,1818.5,1745.75,1815.0
25-Feb-2011,46538.95,44491.26,45975.46,1447.52,1383.83,1430.0,1228.61,1041.34,1201.12,38.21,32.39,37.36,26393.8,22324.16,24174.11,820.94,694.36,751.9,59623.56,54567.69,56472.63,1854.5,1697.24,1756.5
26-Jan-2011,45604.16,42078.75,45130.71,1418.45,1308.8,1403.72,1104.36,850.29,1043.42,34.35,26.45,32.45,27565.85,25164.35,25164.35,857.39,782.7,782.7,60039.11,57602.08,57975.67,1867.43,1791.62,1803.24
27-Dec-2010,45766.01,42546.29,42836.6,1423.48,1323.34,1332.37,1005.65,854.87,863.97,31.28,26.59,26.87,26527.54,24306.73,25825.37,825.1,756.02,803.26,59390.47,55717.08,58433.82,1847.25,1732.99,1817.49
27-Nov-2010,45987.32,43537.58,44187.81,1430.37,1354.17,1374.39,987.97,852.29,928.38,30.73,26.51,28.88,24826.13,21831.29,24306.73,772.18,679.03,756.02,55793.6,53056.61,55757.27,1735.37,1650.25,1734.24
28-Oct-2010,45781.7,42560.38,43857.42,1423.97,1323.78,1364.12,943.14,755.2,859.69,29.33,23.49,26.74,22973.93,19939.54,22323.03,714.57,620.19,694.32,57324.78,52863.7,53402.39,1783.0,1644.24,1661.0
28-Sep-2010,44597.35,41351.17,42687.01,1387.13,1286.17,1327.71,801.21,677.92,762.45,24.92,21.09,23.71,20224.4,17638.84,20224.4,629.05,548.63,629.05,55427.89,52470.02,54945.63,1724.0,1632.0,1709.0
29-Aug-2010,41804.65,39631.81,41577.02,1300.27,1232.69,1293.19,696.69,605.7,684.15,21.67,18.84,21.28,17923.37,15842.9,17923.37,557.48,492.77,557.48,52948.26,49206.72,52948.26,1646.87,1530.5,1646.87
30-Jul-2010,40005.78,37496.06,39812.63,1244.32,1166.26,1238.31,621.94,563.59,614.71,19.34,17.53,19.12,16470.96,14894.45,16107.34,512.3,463.27,500.99,51521.57,48567.72,49426.15,1602.5,1510.62,1537.33
30-Jun-2010,40101.5,37231.08,37555.35,1247.3,1158.02,1168.1,605.39,557.32,565.97,18.83,17.33,17.6,15317.88,13910.64,15231.72,476.44,432.67,473.76,50508.82,48724.46,50010.49,1571.0,1515.5,1555.5
31-May-2010,40597.35,38494.52,39901.72,1262.72,1197.31,1241.08,622.91,554.04,595.13,19.37,17.23,18.51,15965.39,13896.18,15055.21,496.58,432.22,468.27,51774.76,49185.82,50508.82,1610.38,1529.85,1571.0
01-May-2010,40178.6,37242.56,38933.61,1249.69,1158.37,1210.97,639.47,549.28,590.88,19.89,17.08,18.38,17851.68,13180.02,15025.47,555.25,409.94,467.34,56119.13,48185.93,50444.52,1745.5,1498.75,1569.0
01-Apr-2010,37996.46,35755.59,37920.93,1181.82,1112.12,1179.47,605.23,561.66,600.4,18.82,17.47,18.67,18263.04,15266.76,17851.68,568.04,474.85,555.25,56416.52,52879.94,56119.13,1754.75,1644.75,1745.5
02-Mar-2010,36818.54,34903.96,35787.26,1145.18,1085.63,1113.11,568.74,524.36,563.24,17.69,16.31,17.52,15364.02,13937.33,15266.76,477.87,433.5,474.85,52879.94,49624.68,52879.94,1644.75,1543.5,1644.75
31-Jan-2010,36372.58,33620.57,35956.68,1131.31,1045.72,1118.38,546.39,471.43,530.27,16.99,14.66,16.49,14308.19,12798.71,13937.33,445.03,398.08,433.5,51119.69,47920.69,49624.68,1590.0,1490.5,1543.5
01-Jan-2010,37371.11,34554.72,34770.23,1162.37,1074.77,1081.48,608.44,514.56,521.96,18.92,16.0,16.23,15120.31,12783.44,13463.27,470.29,397.61,418.75,53113.03,47341.97,48788.76,1652.0,1472.5,1517.5
02-Dec-2009,39444.79,34575.37,35286.23,1226.87,1075.41,1097.52,626.61,538.03,544.14,19.49,16.73,16.92,12783.44,11438.25,12783.44,397.61,355.77,397.61,48483.33,44962.82,47341.97,1508.0,1398.5,1472.5
02-Nov-2009,38637.8,33529.2,38473.89,1201.77,1042.87,1196.67,619.05,522.11,614.69,19.25,16.24,19.12,12055.23,10320.37,11875.18,374.96,321.0,369.36,47695.63,42599.74,47422.35,1483.5,1325.0,1475.0
03-Oct-2009,34419.55,32214.54,33529.2,1070.57,1001.98,1042.87,583.85,518.09,526.26,18.16,16.11,16.37,10899.09,9393.47,10320.37,339.0,292.17,321.0,44231.39,41313.71,42599.74,1375.75,1285.0,1325.0
03-Sep-2009,32918.98,31340.91,32242.11,1023.89,974.81,1002.84,569.7,492.86,520.51,17.72,15.33,16.19,9739.73,9275.48,9393.47,302.94,288.5,292.17,43395.47,39609.72,41313.71,1349.75,1232.0,1285.0
04-Aug-2009,31531.48,29990.81,31402.81,980.74,932.82,976.74,498.97,434.02,495.25,15.52,13.5,15.4,9420.16,8513.51,9287.21,293.0,264.8,288.86,41458.39,39127.46,39609.72,1289.5,1217.0,1232.0
05-Jul-2009,30946.8,29112.57,30745.14,962.55,905.5,956.28,466.25,400.92,460.32,14.5,12.47,14.32,8513.51,7553.16,8513.51,264.8,234.93,264.8,39304.29,35799.86,39127.46,1222.5,1113.5,1217.0
05-Jun-2009,31552.8,29387.17,29987.75,981.4,914.04,932.72,503.16,431.14,432.11,15.65,13.41,13.44,8298.42,7577.92,8132.68,258.11,235.7,252.95,41651.29,37632.45,38307.61,1295.5,1170.5,1191.5
06-May-2009,31816.43,28816.64,31451.08,989.6,896.3,978.24,513.45,421.5,492.07,15.97,13.11,15.31,8079.15,7114.95,7842.2,251.29,221.3,243.92,40429.56,35912.38,40268.81,1257.5,1117.0,1252.5
06-Apr-2009,29528.81,27823.91,28859.08,918.45,865.42,897.62,421.5,385.17,421.5,13.11,11.98,13.11,7721.15,6904.36,7114.95,240.15,214.75,221.3,40043.75,35333.67,36201.74,1245.5,1099.0,1126.0
07-Mar-2009,31081.48,28439.74,28699.04,966.74,884.57,892.64,442.39,405.42,413.46,13.76,12.61,12.86,7196.77,6331.44,7168.8,223.84,196.93,222.97,37198.41,33935.11,37198.41,1157.0,1055.5,1157.0
05-Feb-2009,32317.28,28656.11,30204.04,1005.18,891.3,939.45,462.65,398.67,432.75,14.39,12.4,13.46,7085.53,6231.61,6489.62,220.38,193.82,201.85,35606.95,31065.66,34658.5,1107.5,966.25,1078.0
06-Jan-2009,29876.09,25830.82,29116.97,929.25,803.43,905.64,402.21,337.9,398.67,12.51,10.51,12.4,6404.42,5843.39,6231.61,199.2,181.75,193.82,32311.5,29884.12,31065.66,1005.0,929.5,966.25
07-Dec-2008,28622.17,24293.04,27554.23,890.25,755.6,857.03,362.98,304.15,355.91,11.29,9.46,11.07,6205.09,5304.87,6205.09,193.0,165.0,193.0,30623.59,25833.12,30623.59,952.5,803.5,952.5
07-Nov-2008,26666.71,22534.7,24313.52,829.43,700.91,756.24,334.69,294.82,304.15,10.41,9.17,9.46,7274.74,5304.87,5304.87,226.27,165.0,165.0,28373.03,25833.12,25833.12,882.5,803.5,803.5
08-Oct-2008,29913.96,21956.54,23551.88,930.43,682.92,732.55,377.45,285.5,334.69,11.74,8.88,10.41,7046.95,5529.92,7046.95,219.18,172.0,219.18,33613.61,25688.45,28123.87,1045.5,799.0,874.75
08-Sep-2008,29712.16,23686.63,28582.77,924.15,736.74,889.02,430.18,342.73,374.23,13.38,10.66,11.64,8908.96,6414.06,6485.6,277.1,199.5,201.72,44802.07,30945.09,32496.37,1393.5,962.5,1010.75
09-Aug-2008,27841.4,24911.12,26131.95,865.96,774.82,812.79,506.7,408.96,408.96,15.76,12.72,12.72,11185.71,8744.99,8744.99,347.91,272.0,272.0,51007.16,44078.67,44094.75,1586.5,1371.0,1371.5
10-Jul-2008,31754.75,27377.23,27538.81,987.68,851.53,856.55,620.51,506.7,506.7,19.3,15.76,15.76,17216.7,11185.71,11185.71,535.5,347.91,347.91,65860.8,50364.14,51007.16,2048.5,1566.5,1586.5
10-Jun-2008,30425.75,27605.67,29861.74,946.35,858.63,928.8,588.68,524.38,572.93,18.31,16.31,17.82,15287.66,13692.18,14265.75,475.5,425.87,443.71,67323.66,63184.25,63184.25,2094.0,1965.25,1965.25
11-May-2008,30072.71,27665.09,28729.24,935.37,860.48,893.58,583.21,533.7,561.35,18.14,16.6,17.46,14738.85,13726.9,14011.28,458.43,426.95,435.8,71583.64,64124.66,67114.68,2226.5,1994.5,2087.5
11-Apr-2008,30634.43,27206.71,28455.97,952.84,846.22,885.08,596.72,520.52,545.6,18.56,16.19,16.97,15126.9,13037.11,14258.84,470.5,405.5,443.5,67436.19,60154.05,67018.23,2097.5,1871.0,2084.5
12-Mar-2008,33189.62,28124.01,29849.47,1032.31,874.75,928.42,672.59,538.2,589.0,20.92,16.74,18.32,16461.16,13959.03,14762.64,512.0,434.17,459.17,67838.08,59655.71,65571.45,2110.0,1855.5,2039.5
11-Feb-2008,31908.27,28845.75,31270.56,992.46,897.2,972.62,668.74,544.96,651.05,20.8,16.95,20.25,18878.41,13776.57,15165.97,587.18,428.5,471.71,73078.65,60588.08,65941.18,2273.0,1884.5,2051.0
12-Jan-2008,30117.65,27312.6,29594.22,936.76,849.52,920.48,552.67,500.59,544.96,17.19,15.57,16.95,14114.16,11710.89,14114.16,439.0,364.25,439.0,60588.08,49512.15,60588.08,1884.5,1540.0,1884.5
13-Dec-2007,28868.54,25250.09,28803.99,897.91,785.37,895.9,516.34,441.91,516.34,16.06,13.74,16.06,12183.19,11182.66,12111.65,378.94,347.82,376.71,50203.39,47309.82,50203.39,1561.5,1471.5,1561.5
13-Nov-2007,26901.03,24857.27,26099.62,836.72,773.15,811.79,486.76,445.61,470.53,15.14,13.86,14.64,11986.91,11124.14,11182.66,372.83,346.0,347.82,47759.93,45605.83,47309.82,1485.5,1418.5,1471.5
14-Oct-2007,27182.14,23980.53,25445.55,845.46,745.88,791.45,508.62,429.21,486.76,15.82,13.35,15.14,12208.42,11620.87,11885.79,379.72,361.45,369.69,47695.63,45573.68,46120.25,1483.5,1417.5,1434.5
14-Sep-2007,24240.16,22645.49,24123.91,753.95,704.35,750.34,443.36,400.92,443.36,13.79,12.47,13.79,12201.19,10654.9,12201.19,379.5,331.4,379.5,45573.68,41755.78,45573.68,1417.5,1298.75,1417.5
15-Aug-2007,23010.98,20687.05,22724.78,715.72,643.44,706.82,410.24,375.2,400.92,12.76,11.67,12.47,11446.77,10231.96,10780.61,356.03,318.25,335.31,41980.84,39971.42,41935.83,1305.75,1243.25,1304.35
16-Jul-2007,22089.26,21156.66,21542.09,687.05,658.05,670.03,428.89,407.99,410.24,13.34,12.69,12.76,11996.23,11360.29,11446.77,373.12,353.34,356.03,43005.64,40960.05,41108.75,1337.62,1274.0,1278.63
16-Jun-2007,21518.12,20585.52,21455.18,669.29,640.28,667.33,428.89,394.17,421.98,13.34,12.26,13.13,12126.28,11630.52,11831.46,377.17,361.75,368.0,42401.21,40883.69,42197.85,1318.83,1271.62,1312.5
17-May-2007,21675.48,20713.94,21084.93,674.18,644.28,655.81,440.79,413.46,419.89,13.71,12.86,13.06,12100.08,11601.1,11875.02,376.35,360.83,369.35,42873.02,40847.52,41265.48,1333.5,1270.5,1283.5
17-Apr-2007,22304.84,21229.0,21298.72,693.76,660.3,662.46,453.0,418.6,423.1,14.09,13.02,13.16,12399.88,11611.06,11638.71,385.68,361.14,362.0,43146.3,41104.73,42873.02,1342.0,1278.5,1333.5
18-Mar-2007,22234.46,20922.32,22205.52,691.57,650.76,690.67,453.0,420.21,453.0,14.09,13.07,14.09,12213.41,11315.28,12213.41,379.88,351.94,379.88,41394.09,38211.16,41394.09,1287.5,1188.5,1287.5
16-Feb-2007,22142.81,20343.48,21028.07,688.72,632.75,654.05,468.76,405.26,420.21,14.58,12.6,13.07,11508.5,10858.1,11317.05,357.95,337.72,352.0,40236.66,38211.16,38211.16,1251.5,1188.5,1188.5
17-Jan-2007,21629.74,19958.37,21498.71,672.76,620.77,668.68,449.47,403.49,449.47,13.98,12.55,13.98,11268.82,10679.5,11072.7,350.5,332.17,344.4,39143.53,36716.15,39079.23,1217.5,1142.0,1215.5
18-Dec-2006,20720.68,19416.78,20077.35,644.49,603.93,624.48,441.43,392.56,412.82,13.73,12.21,12.84,10917.25,10440.94,10691.88,339.56,324.75,332.55,37021.58,35623.03,36909.06,1151.5,1108.0,1148.0
18-Nov-2006,20903.73,19743.12,19801.19,650.18,614.08,615.89,451.72,409.92,441.43,14.05,12.75,13.73,10675.8,10268.61,10545.43,332.05,319.39,328.0,44962.82,35639.1,35639.1,1398.5,1108.5,1108.5
19-Oct-2006,20474.72,18451.59,19990.87,636.83,573.91,621.79,418.76,371.98,409.92,13.02,11.57,12.75,10854.88,10205.92,10268.61,337.62,317.44,319.39,39609.72,34385.22,38291.54,1232.0,1069.5,1191.0
19-Sep-2006,19512.84,18005.21,19041.14,606.92,560.02,592.25,380.99,345.3,378.09,11.85,10.74,11.76,10445.76,9568.05,10308.48,324.9,297.6,320.63,37568.15,34401.3,35060.39,1168.5,1070.0,1090.5
20-Aug-2006,20592.86,18360.97,18899.88,640.51,571.09,587.85,422.78,344.01,352.69,13.15,10.7,10.97,11307.72,9998.87,10012.05,351.71,311.0,311.41,40911.83,37294.87,37423.47,1272.5,1160.0,1164.0
21-Jul-2006,21104.28,19382.47,19710.0,656.42,602.86,613.05,400.28,345.3,386.13,12.45,10.74,12.01,10781.25,9773.81,10674.03,335.33,304.0,332.0,40381.34,38886.33,38918.48,1256.0,1209.5,1210.5
21-Jun-2006,21749.27,18362.89,20171.41,676.48,571.15,627.4,377.77,324.4,356.23,11.75,10.09,11.08,10670.82,9429.8,10130.36,331.9,293.3,315.09,40461.71,37439.54,39513.27,1258.5,1164.5,1229.0
22-May-2006,21684.89,17459.47,18600.68,674.48,543.05,578.55,422.14,312.51,326.33,13.13,9.72,10.15,11594.99,9166.49,9429.8,360.64,285.11,293.3,43098.08,36989.43,37439.54,1340.5,1150.5,1164.5
22-Apr-2006,23458.63,19922.45,21143.95,729.64,619.66,657.65,480.33,391.76,399.63,14.94,12.19,12.43,12812.05,10963.39,10963.39,398.5,341.0,341.0,43146.3,35719.48,41281.56,1342.0,1111.0,1284.0
23-Mar-2006,20749.39,17530.39,20374.46,645.38,545.26,633.72,460.08,337.58,391.76,14.31,10.5,12.19,11976.14,10217.17,11117.07,372.5,317.79,345.78,36491.1,33597.53,35719.48,1135.0,1045.0,1111.0
21-Feb-2006,18342.68,17217.75,17711.23,570.52,535.53,550.88,338.55,305.11,338.55,10.53,9.49,10.53,10217.17,9043.03,10217.17,317.79,281.27,317.79,34208.39,32407.95,33645.76,1064.0,1008.0,1046.5
22-Jan-2006,18479.6,17243.76,17876.4,574.78,536.34,556.02,318.61,286.95,306.72,9.91,8.93,9.54,10241.28,7874.99,9355.85,318.54,244.94,291.0,34947.86,32279.35,33034.89,1087.0,1004.0,1027.5
23-Dec-2005,18244.62,16084.06,17806.48,567.47,500.27,553.84,295.47,269.58,291.93,9.19,8.38,9.08,9212.78,7999.09,8873.59,286.55,248.8,276.0,33806.51,30848.64,33259.95,1051.5,959.5,1034.5
23-Nov-2005,17370.04,15677.36,16209.33,540.27,487.62,504.17,296.59,258.81,269.58,9.22,8.05,8.38,9559.05,7999.09,7999.09,297.32,248.8,248.8,32761.61,30816.49,30848.64,1019.0,958.5,959.5
24-Oct-2005,15905.59,14657.8,15853.37,494.72,455.91,493.09,262.51,238.56,262.51,8.16,7.42,8.16,8576.68,6766.11,8576.68,266.76,210.45,266.76,31989.99,29819.82,31668.49,995.0,927.5,985.0
24-Sep-2005,15441.95,14751.12,15022.69,480.3,458.81,467.26,252.7,232.29,244.35,7.86,7.23,7.6,6899.38,6230.48,6767.72,214.59,193.79,210.5,30430.68,29450.08,29819.82,946.5,916.0,927.5
25-Aug-2005,15261.79,13798.08,14913.38,474.69,429.17,463.86,238.64,216.7,234.38,7.42,6.74,7.29,6500.87,5899.65,6369.86,202.2,183.5,198.12,30093.1,28758.84,29803.74,936.0,894.5,927.0
26-Jul-2005,14465.92,13564.37,14065.36,449.94,421.9,437.48,233.25,223.77,223.93,7.25,6.96,6.97,6280.16,5910.42,5991.6,195.33,183.83,186.36,29763.55,28405.18,28903.52,925.75,883.5,899.0
26-Jun-2005,14174.1,13428.86,13683.84,440.86,417.68,425.62,234.22,221.36,228.59,7.29,6.89,7.11,6292.54,5595.35,6255.72,195.72,174.03,194.57,28823.14,27810.4,28630.24,896.5,865.0,890.5
27-May-2005,14271.85,13297.52,14131.8,443.9,413.6,439.55,242.1,227.63,234.22,7.53,7.08,7.29,6164.09,5961.7,6076.48,191.72,185.43,189.0,28967.82,27762.17,28758.84,901.0,863.5,894.5
27-Apr-2005,14112.64,13393.12,13434.68,438.95,416.57,417.87,233.58,220.23,227.63,7.27,6.85,7.08,6506.5,6026.17,6026.17,202.37,187.43,187.43,28405.18,27601.42,27890.77,883.5,858.5,867.5
28-Mar-2005,14068.57,13567.03,14043.39,437.58,421.98,436.8,234.22,222.48,233.58,7.29,6.92,7.27,6583.82,6237.24,6493.32,204.78,194.0,201.96,28324.81,27617.49,28324.81,881.0,859.0,881.0
26-Feb-2005,14376.14,13639.91,13688.13,447.15,424.25,425.75,243.38,222.32,222.97,7.57,6.91,6.94,6715.64,5895.63,6237.24,208.88,183.37,194.0,28549.86,27681.79,27681.79,888.0,861.0,861.0
27-Jan-2005,14040.16,13197.58,13989.67,436.7,410.49,435.13,242.74,208.5,232.85,7.55,6.49,7.24,6217.3,5790.34,5982.28,193.38,180.1,186.07,28308.73,27504.96,27842.55,880.5,855.5,866.0
28-Dec-2004,14318.79,13406.49,13714.39,445.36,416.99,426.57,224.09,205.44,216.05,6.97,6.39,6.72,6234.02,5827.48,6217.3,193.9,181.25,193.38,28067.6,27199.53,28067.6,873.0,846.0,873.0
28-Nov-2004,14686.92,13872.73,14305.95,456.81,431.49,444.96,258.49,214.93,221.36,8.04,6.69,6.89,6928.48,5758.99,6028.26,215.5,179.12,187.5,28340.88,26733.35,27215.61,881.5,831.5,846.5
29-Oct-2004,14614.33,13423.73,14514.13,454.56,417.52,451.44,247.24,226.5,246.6,7.69,7.04,7.67,7159.96,6771.74,6896.33,222.7,210.62,214.5,28308.73,26604.74,27810.4,880.5,827.5,865.0
29-Sep-2004,13848.6,13152.04,13638.03,430.74,409.07,424.19,239.2,209.94,226.98,7.44,6.53,7.06,7502.85,6882.82,6942.46,233.36,214.08,215.93,28115.83,26829.8,26926.25,874.5,834.5,837.5
30-Aug-2004,13281.69,12699.15,13267.13,413.11,394.99,412.65,217.34,197.08,211.87,6.76,6.13,6.59,7251.75,6652.94,7251.75,225.55,206.93,225.55,28115.83,26958.4,27987.22,874.5,838.5,870.5
31-Jul-2004,13313.3,12511.19,12980.97,414.09,389.14,403.75,219.27,206.41,214.61,6.82,6.42,6.68,7196.29,6799.87,6848.1,223.83,211.5,213.0,28373.03,26331.46,27810.4,882.5,819.0,865.0
01-Jul-2004,13154.27,12390.85,12573.06,409.14,385.4,391.07,215.57,188.89,206.41,6.7,5.88,6.42,7398.84,6880.25,6983.45,230.13,214.0,217.21,26958.4,25029.36,26443.99,838.5,778.5,822.5
01-Jun-2004,13020.74,12571.2,12658.27,404.99,391.01,393.72,198.61,181.01,190.01,6.18,5.63,5.91,8192.48,6974.77,7118.33,254.81,216.94,221.4,27279.91,25093.66,25447.32,848.5,780.5,791.5
02-May-2004,12737.4,12006.99,12713.72,396.18,373.46,395.44,198.21,176.67,198.21,6.17,5.5,6.17,8423.48,7608.14,8154.22,262.0,236.64,253.62,27279.91,25254.41,27279.91,848.5,785.5,848.5
